{
	"info": {
		"_postman_id": "083c7151-8cea-466f-8c28-25c632ec8f0f",
		"name": "CYANASE INVESTORS",
		"schema": "https://schema.getpostman.com/json/collection/v2.1.0/collection.json",
		"_exporter_id": "12367013",
		"_collection_link": "https://warped-meadow-915639.postman.co/workspace/New-Team-Workspace~cf8ff6e6-4aa2-4c03-8f0c-8129e5ac7c7c/collection/12367013-083c7151-8cea-466f-8c28-25c632ec8f0f?action=share&creator=12367013&source=collection_link"
	},
	"item": [
		{
			"name": "USERS",
			"item": [
				{
					"name": "CREATE AUTH USER TOKEN",
					"request": {
						"method": "POST",
						"header": [],
						"body": {
							"mode": "formdata",
							"formdata": [
								{
									"key": "username",
									"value": "admin",
									"type": "text"
								},
								{
									"key": "password",
									"value": "admin@cyanase2023",
									"type": "text"
								}
							]
						},
						"url": {
							"raw": "http://127.0.0.1:8000/api/v1/en/auth/token/",
							"protocol": "http",
							"host": [
								"127",
								"0",
								"0",
								"1"
							],
							"port": "8000",
							"path": [
								"api",
								"v1",
								"en",
								"auth",
								"token",
								""
							]
						}
					},
					"response": []
				},
				{
					"name": "GET ALL USERS",
					"request": {
						"method": "GET",
						"header": [
							{
								"key": "Authorization",
								"value": "Token ca892323d9b924c7bc0000185a3300dda7235783",
								"type": "text"
							}
						],
						"url": {
							"raw": "http://127.0.0.1:8000/api/v1/en/auth/users/all/",
							"protocol": "http",
							"host": [
								"127",
								"0",
								"0",
								"1"
							],
							"port": "8000",
							"path": [
								"api",
								"v1",
								"en",
								"auth",
								"users",
								"all",
								""
							]
						}
					},
					"response": []
				},
				{
					"name": "GET AUTH USER",
					"request": {
						"method": "GET",
						"header": [
							{
								"key": "Authorization",
								"value": "Token ca892323d9b924c7bc0000185a3300dda7235783",
								"type": "text"
							}
						],
						"url": {
							"raw": "http://127.0.0.1:8000/api/v1/en/auth/user/",
							"protocol": "http",
							"host": [
								"127",
								"0",
								"0",
								"1"
							],
							"port": "8000",
							"path": [
								"api",
								"v1",
								"en",
								"auth",
								"user",
								""
							]
						}
					},
					"response": []
				},
				{
					"name": "GET AUTH USER BY ID",
					"request": {
						"method": "GET",
						"header": [
							{
								"key": "Authorization",
								"value": "Token ca892323d9b924c7bc0000185a3300dda7235783",
								"type": "text"
							}
						],
						"url": {
							"raw": "http://127.0.0.1:8000/api/v1/en/auth/user/1/",
							"protocol": "http",
							"host": [
								"127",
								"0",
								"0",
								"1"
							],
							"port": "8000",
							"path": [
								"api",
								"v1",
								"en",
								"auth",
								"user",
								"1",
								""
							]
						}
					},
					"response": []
				},
				{
					"name": "CREATE AUTH USER",
					"request": {
						"method": "POST",
						"header": [],
						"body": {
							"mode": "raw",
							"raw": "{\r\n    \"username\": \"oneminute256\", \r\n    \"email\": \"oneminuteproduction256@gmail.com\",\r\n    \"first_name\": \"One\",\r\n    \"last_name\": \"Minute\",\r\n    \"password\": \"12345678\",\r\n    \"confirmpassword\": \"12345678\",\r\n    \"pkg_id\": 1,\r\n    \"profile\": {\r\n        \"gender\": \"Male\",\r\n        \"birth_date\": \"1997-06-19\",\r\n        \"phone_no\": \"\",\r\n        \"country\": \"\"\r\n    }\r\n}",
							"options": {
								"raw": {
									"language": "json"
								}
							}
						},
						"url": {
							"raw": "http://127.0.0.1:8000/api/v1/en/auth/user/login",
							"protocol": "http",
							"host": [
								"127",
								"0",
								"0",
								"1"
							],
							"port": "8000",
							"path": [
								"api",
								"v1",
								"en",
								"auth",
								"user",
								"login"
							]
						}
					},
					"response": []
				},
				{
					"name": "LOGIN AUTH USER",
					"request": {
						"method": "POST",
						"header": [],
						"body": {
							"mode": "raw",
							"raw": "{\r\n    \"username\": \"admin\",\r\n    \"password\": \"admin@cyanase2023\"\r\n}",
							"options": {
								"raw": {
									"language": "json"
								}
							}
						},
						"url": {
							"raw": "http://127.0.0.1:8000/api/v1/en/auth/user/login/",
							"protocol": "http",
							"host": [
								"127",
								"0",
								"0",
								"1"
							],
							"port": "8000",
							"path": [
								"api",
								"v1",
								"en",
								"auth",
								"user",
								"login",
								""
							]
						}
					},
					"response": []
				},
				{
					"name": "UPLOAD PROFILE PHOTO",
					"request": {
						"method": "POST",
						"header": [],
						"body": {
							"mode": "raw",
							"raw": "{\r\n    \"username\": \"admin\",\r\n    \"password\": \"admin@cyanase2023\"\r\n}",
							"options": {
								"raw": {
									"language": "json"
								}
							}
						},
						"url": {
							"raw": "http://127.0.0.1:8000/api/v1/en/auth/user/login/",
							"protocol": "http",
							"host": [
								"127",
								"0",
								"0",
								"1"
							],
							"port": "8000",
							"path": [
								"api",
								"v1",
								"en",
								"auth",
								"user",
								"login",
								""
							]
						}
					},
					"response": []
				},
				{
					"name": "UPDATE AUTH USER PASSWORD",
					"request": {
						"method": "POST",
						"header": [],
						"body": {
							"mode": "raw",
							"raw": "{\r\n    \"username\": \"admin\",\r\n    \"password\": \"admin@cyanase2023\"\r\n}",
							"options": {
								"raw": {
									"language": "json"
								}
							}
						},
						"url": {
							"raw": "http://127.0.0.1:8000/api/v1/en/auth/user/login/",
							"protocol": "http",
							"host": [
								"127",
								"0",
								"0",
								"1"
							],
							"port": "8000",
							"path": [
								"api",
								"v1",
								"en",
								"auth",
								"user",
								"login",
								""
							]
						}
					},
					"response": []
				},
				{
					"name": "VERIFY EMAIL",
					"request": {
						"method": "GET",
						"header": []
					},
					"response": []
				}
			]
		},
		{
			"name": "LOCALE",
			"item": [
				{
					"name": "New Request",
					"request": {
						"method": "GET",
						"header": []
					},
					"response": []
				}
			]
		},
		{
			"name": "PAYMENTS",
			"item": [
				{
					"name": "BANK TRANSFER",
					"request": {
						"method": "GET",
						"header": []
					},
					"response": []
				},
				{
					"name": "GET BANK CODES",
					"request": {
						"method": "GET",
						"header": []
					},
					"response": []
				}
			]
		},
		{
			"name": "DEPOSITS",
			"item": [
				{
					"name": "MAKE DEPOSIT",
					"request": {
						"method": "POST",
						"header": [
							{
								"key": "Authorization",
								"value": "Token bc732864d344633137d5d2ac7be54260317f4321",
								"type": "text"
							}
						],
						"body": {
							"mode": "raw",
							"raw": "{\r\n    \"payment_means\":\"wallet\",\r\n    \"deposit_amount\":\"10000\",\r\n    \"deposit_category\":\"sacco/club\",\r\n    \"currency\":\"UGX\",\r\n    \"account_type\":\"basic\"\r\n}",
							"options": {
								"raw": {
									"language": "json"
								}
							}
						},
						"url": {
							"raw": "http://localhost:8000/api/v1/en/make/deposit/",
							"protocol": "http",
							"host": [
								"localhost"
							],
							"port": "8000",
							"path": [
								"api",
								"v1",
								"en",
								"make",
								"deposit",
								""
							]
						}
					},
					"response": []
				},
				{
					"name": "MAKE DEPOSIT TO GOAL BY ID",
					"request": {
						"method": "POST",
						"header": [
							{
								"key": "Authorization",
								"value": "Token bc732864d344633137d5d2ac7be54260317f4321",
								"type": "text"
							}
						],
						"body": {
							"mode": "raw",
							"raw": "{\r\n    \"payment_means\":\"wallet\",\r\n    \"deposit_amount\":\"10000\",\r\n    \"deposit_category\":\"sacco/club\",\r\n    \"currency\":\"UGX\",\r\n    \"account_type\":\"basic\"\r\n}",
							"options": {
								"raw": {
									"language": "json"
								}
							}
						},
						"url": {
							"raw": "http://localhost:8000/api/v1/en/make/deposit/",
							"protocol": "http",
							"host": [
								"localhost"
							],
							"port": "8000",
							"path": [
								"api",
								"v1",
								"en",
								"make",
								"deposit",
								""
							]
						}
					},
					"response": []
				},
				{
					"name": "CREATE GOAL",
					"request": {
						"method": "POST",
						"header": [
							{
								"key": "Authorization",
								"value": "Token bc732864d344633137d5d2ac7be54260317f4321",
								"type": "text"
							}
						],
						"body": {
							"mode": "raw",
							"raw": "{\r\n    \"payment_means\":\"wallet\",\r\n    \"deposit_amount\":\"10000\",\r\n    \"deposit_category\":\"sacco/club\",\r\n    \"currency\":\"UGX\",\r\n    \"account_type\":\"basic\"\r\n}",
							"options": {
								"raw": {
									"language": "json"
								}
							}
						},
						"url": {
							"raw": "http://localhost:8000/api/v1/en/make/deposit/",
							"protocol": "http",
							"host": [
								"localhost"
							],
							"port": "8000",
							"path": [
								"api",
								"v1",
								"en",
								"make",
								"deposit",
								""
							]
						}
					},
					"response": []
				},
				{
					"name": "GET ALL DEPOSITS BY USER",
					"request": {
						"method": "GET",
						"header": [
							{
								"key": "Authorization",
								"value": "Token f57b97e4c5ddd9b94cfdaa529e47a36c623bcb7c",
								"type": "text"
							}
						],
						"url": {
							"raw": "http://localhost:8000/api/v1/en/get/deposit/",
							"protocol": "http",
							"host": [
								"localhost"
							],
							"port": "8000",
							"path": [
								"api",
								"v1",
								"en",
								"get",
								"deposit",
								""
							]
						}
					},
					"response": []
				},
				{
					"name": "GET ALL GOALS BY USER",
					"request": {
						"method": "GET",
						"header": [
							{
								"key": "Authorization",
								"value": "Token f57b97e4c5ddd9b94cfdaa529e47a36c623bcb7c",
								"type": "text"
							}
						],
						"url": {
							"raw": "http://localhost:8000/api/v1/en/get/deposit/",
							"protocol": "http",
							"host": [
								"localhost"
							],
							"port": "8000",
							"path": [
								"api",
								"v1",
								"en",
								"get",
								"deposit",
								""
							]
						}
					},
					"response": []
				},
				{
					"name": "GET DEPOSIT BY ID",
					"request": {
						"method": "GET",
						"header": [
							{
								"key": "Authorization",
								"value": "Token f57b97e4c5ddd9b94cfdaa529e47a36c623bcb7c",
								"type": "text"
							}
						],
						"url": {
							"raw": "http://localhost:8000/api/v1/en/get/deposit/",
							"protocol": "http",
							"host": [
								"localhost"
							],
							"port": "8000",
							"path": [
								"api",
								"v1",
								"en",
								"get",
								"deposit",
								""
							]
						}
					},
					"response": []
				},
				{
					"name": "GET GOAL BY ID",
					"request": {
						"method": "GET",
						"header": [
							{
								"key": "Authorization",
								"value": "Token f57b97e4c5ddd9b94cfdaa529e47a36c623bcb7c",
								"type": "text"
							}
						],
						"url": {
							"raw": "http://localhost:8000/api/v1/en/get/deposit/",
							"protocol": "http",
							"host": [
								"localhost"
							],
							"port": "8000",
							"path": [
								"api",
								"v1",
								"en",
								"get",
								"deposit",
								""
							]
						}
					},
					"response": []
				}
			]
		},
		{
			"name": "WITHDARWS",
			"item": [
				{
					"name": "MAKE A BANK WITHDRAW",
					"request": {
						"method": "POST",
						"header": [
							{
								"key": "Authorization",
								"value": "Token bc732864d344633137d5d2ac7be54260317f4321",
								"type": "text"
							}
						],
						"body": {
							"mode": "raw",
							"raw": "{\r\n    \"payment_means\":\"wallet\",\r\n    \"deposit_amount\":\"10000\",\r\n    \"deposit_category\":\"sacco/club\",\r\n    \"currency\":\"UGX\",\r\n    \"account_type\":\"basic\"\r\n}",
							"options": {
								"raw": {
									"language": "json"
								}
							}
						},
						"url": {
							"raw": "http://localhost:8000/api/v1/en/make/deposit/",
							"protocol": "http",
							"host": [
								"localhost"
							],
							"port": "8000",
							"path": [
								"api",
								"v1",
								"en",
								"make",
								"deposit",
								""
							]
						}
					},
					"response": []
				},
				{
					"name": "GET ALL WITHDRAWS BY USER",
					"request": {
						"method": "GET",
						"header": []
					},
					"response": []
				},
				{
					"name": "GET ALL GOAL WITHDRAWS BY USER",
					"request": {
						"method": "GET",
						"header": []
					},
					"response": []
				},
				{
					"name": "GET ALL PENDING WITHDRAWS BY USER",
					"request": {
						"method": "GET",
						"header": []
					},
					"response": []
				},
				{
					"name": "GET USER NETWORTH",
					"request": {
						"method": "GET",
						"header": []
					},
					"response": []
				}
			]
		},
		{
			"name": "INVESTMENTS",
			"item": []
		}
	]
}